Description,Endpoint,Method,URL,RequestHeaders,RequestBody,ActualStatus,ActualResponseSnippet,ExpectedStatus,ExpectedResponseExample,TestStatus,LLMVerdict,LLMNotes,ElapsedSecs
Valid request with all parameters,/objects/{id},GET,https://api.restful-api.dev/objects/{id},{},,404,"{""error"":""Oject with id={id} was not found.""}",200,{},FAIL,UNSURE,"LLM error: <html>
<head><title>401 Authorization Required</title></head>
<body>
<center><h1>401 Authorization Required</h1></center>
<hr><center>openresty/1.27.4</center>
<script>(function(){function c(){var b=a.contentDocument||a.contentWindow.document;if(b){var d=b.createElement('script');d.innerHTML=""window.__CF$cv$params={r:'982ab6febf292982',t:'MTc1ODQ2OTc5MC4wMDAwMDA='};var a=document.createElement('script');a.nonce='';a.src='/cdn-cgi/challenge-platform/scripts/jsd/main.js';document.getElementsByTagName('head')[0].appendChild(a);"";b.getElementsByTagName('head')[0].appendChild(d)}}if(document.body){var a=document.createElement('iframe');a.height=1;a.width=1;a.style.position='absolute';a.style.top=0;a.style.left=0;a.style.border='none';a.style.visibility='hidden';document.body.appendChild(a);if('loading'!==document.readyState)c();else if(window.addEventListener)document.addEventListener('DOMContentLoaded',c);else{var e=document.onreadystatechange||function(){};document.onreadystatechange=function(b){e(b);'loading'!==document.readyState&&(document.onreadystatechange=e,c())}}}})();</script></body>
</html>",1.322
Missing required parameter 'id',/objects/{id},GET,https://api.restful-api.dev/objects/{id},{},,404,"{""error"":""Oject with id={id} was not found.""}",400,{},FAIL,UNSURE,"LLM error: <html>
<head><title>401 Authorization Required</title></head>
<body>
<center><h1>401 Authorization Required</h1></center>
<hr><center>openresty/1.27.4</center>
<script>(function(){function c(){var b=a.contentDocument||a.contentWindow.document;if(b){var d=b.createElement('script');d.innerHTML=""window.__CF$cv$params={r:'982ab711da3f7c72',t:'MTc1ODQ2OTc5My4wMDAwMDA='};var a=document.createElement('script');a.nonce='';a.src='/cdn-cgi/challenge-platform/scripts/jsd/main.js';document.getElementsByTagName('head')[0].appendChild(a);"";b.getElementsByTagName('head')[0].appendChild(d)}}if(document.body){var a=document.createElement('iframe');a.height=1;a.width=1;a.style.position='absolute';a.style.top=0;a.style.left=0;a.style.border='none';a.style.visibility='hidden';document.body.appendChild(a);if('loading'!==document.readyState)c();else if(window.addEventListener)document.addEventListener('DOMContentLoaded',c);else{var e=document.onreadystatechange||function(){};document.onreadystatechange=function(b){e(b);'loading'!==document.readyState&&(document.onreadystatechange=e,c())}}}})();</script></body>
</html>",0.64
Invalid type for parameter 'id',/objects/{id},GET,https://api.restful-api.dev/objects/{id},{},"{""id"": 12345}",404,"{""error"":""Oject with id={id} was not found.""}",400,{},FAIL,UNSURE,"LLM error: <html>
<head><title>401 Authorization Required</title></head>
<body>
<center><h1>401 Authorization Required</h1></center>
<hr><center>openresty/1.27.4</center>
<script>(function(){function c(){var b=a.contentDocument||a.contentWindow.document;if(b){var d=b.createElement('script');d.innerHTML=""window.__CF$cv$params={r:'982ab7201e0b31b7',t:'MTc1ODQ2OTc5Ni4wMDAwMDA='};var a=document.createElement('script');a.nonce='';a.src='/cdn-cgi/challenge-platform/scripts/jsd/main.js';document.getElementsByTagName('head')[0].appendChild(a);"";b.getElementsByTagName('head')[0].appendChild(d)}}if(document.body){var a=document.createElement('iframe');a.height=1;a.width=1;a.style.position='absolute';a.style.top=0;a.style.left=0;a.style.border='none';a.style.visibility='hidden';document.body.appendChild(a);if('loading'!==document.readyState)c();else if(window.addEventListener)document.addEventListener('DOMContentLoaded',c);else{var e=document.onreadystatechange||function(){};document.onreadystatechange=function(b){e(b);'loading'!==document.readyState&&(document.onreadystatechange=e,c())}}}})();</script></body>
</html>",0.819
Missing optional header 'Content-Type',/objects/{id},PUT,https://api.restful-api.dev/objects/{id},{},,400,"{""error"":""400 Bad Request. If you are trying to create or update the data, potential issue is that you are sending incorrect body json or it is missing at all.""}",400,{},PASS,UNSURE,"LLM error: <html>
<head><title>401 Authorization Required</title></head>
<body>
<center><h1>401 Authorization Required</h1></center>
<hr><center>openresty/1.27.4</center>
<script>(function(){function c(){var b=a.contentDocument||a.contentWindow.document;if(b){var d=b.createElement('script');d.innerHTML=""window.__CF$cv$params={r:'982ab7350bd017d4',t:'MTc1ODQ2OTc5OS4wMDAwMDA='};var a=document.createElement('script');a.nonce='';a.src='/cdn-cgi/challenge-platform/scripts/jsd/main.js';document.getElementsByTagName('head')[0].appendChild(a);"";b.getElementsByTagName('head')[0].appendChild(d)}}if(document.body){var a=document.createElement('iframe');a.height=1;a.width=1;a.style.position='absolute';a.style.top=0;a.style.left=0;a.style.border='none';a.style.visibility='hidden';document.body.appendChild(a);if('loading'!==document.readyState)c();else if(window.addEventListener)document.addEventListener('DOMContentLoaded',c);else{var e=document.onreadystatechange||function(){};document.onreadystatechange=function(b){e(b);'loading'!==document.readyState&&(document.onreadystatechange=e,c())}}}})();</script></body>
</html>",2.007
Invalid optional header 'Content-Type',/objects/{id},PUT,https://api.restful-api.dev/objects/{id},"{""Content-Type"": ""InvalidValue!@#""}",,415,"{""error"":""415 Unsupported Media Type. The 415 status code indicates that the origin server is refusing to service the request because the payload is in a format not supported by this method on the target resource. One of the examples of getting 415 would be sending a request with a Content-Type header which is not equal to application/json""}",400,{},FAIL,UNSURE,"LLM error: <html>
<head><title>401 Authorization Required</title></head>
<body>
<center><h1>401 Authorization Required</h1></center>
<hr><center>openresty/1.27.4</center>
<script>(function(){function c(){var b=a.contentDocument||a.contentWindow.document;if(b){var d=b.createElement('script');d.innerHTML=""window.__CF$cv$params={r:'982ab743e91c31ee',t:'MTc1ODQ2OTgwMi4wMDAwMDA='};var a=document.createElement('script');a.nonce='';a.src='/cdn-cgi/challenge-platform/scripts/jsd/main.js';document.getElementsByTagName('head')[0].appendChild(a);"";b.getElementsByTagName('head')[0].appendChild(d)}}if(document.body){var a=document.createElement('iframe');a.height=1;a.width=1;a.style.position='absolute';a.style.top=0;a.style.left=0;a.style.border='none';a.style.visibility='hidden';document.body.appendChild(a);if('loading'!==document.readyState)c();else if(window.addEventListener)document.addEventListener('DOMContentLoaded',c);else{var e=document.onreadystatechange||function(){};document.onreadystatechange=function(b){e(b);'loading'!==document.readyState&&(document.onreadystatechange=e,c())}}}})();</script></body>
</html>",1.042
Valid request with all parameters,/objects/{id},PUT,https://api.restful-api.dev/objects/{id},"{""Content-Type"": ""application/json""}",,400,"{""error"":""400 Bad Request. If you are trying to create or update the data, potential issue is that you are sending incorrect body json or it is missing at all.""}",200,{},FAIL,UNSURE,"LLM error: <html>
<head><title>401 Authorization Required</title></head>
<body>
<center><h1>401 Authorization Required</h1></center>
<hr><center>openresty/1.27.4</center>
<script>(function(){function c(){var b=a.contentDocument||a.contentWindow.document;if(b){var d=b.createElement('script');d.innerHTML=""window.__CF$cv$params={r:'982ab75578015857',t:'MTc1ODQ2OTgwNC4wMDAwMDA='};var a=document.createElement('script');a.nonce='';a.src='/cdn-cgi/challenge-platform/scripts/jsd/main.js';document.getElementsByTagName('head')[0].appendChild(a);"";b.getElementsByTagName('head')[0].appendChild(d)}}if(document.body){var a=document.createElement('iframe');a.height=1;a.width=1;a.style.position='absolute';a.style.top=0;a.style.left=0;a.style.border='none';a.style.visibility='hidden';document.body.appendChild(a);if('loading'!==document.readyState)c();else if(window.addEventListener)document.addEventListener('DOMContentLoaded',c);else{var e=document.onreadystatechange||function(){};document.onreadystatechange=function(b){e(b);'loading'!==document.readyState&&(document.onreadystatechange=e,c())}}}})();</script></body>
</html>",0.921
Missing required parameter 'id',/objects/{id},PUT,https://api.restful-api.dev/objects/{id},"{""Content-Type"": ""application/json""}",,404,"{""error"":""The Object with id = {id} doesn't exist. Please provide an object id which exists or generate a new Object using POST request and capture the id of it to use it as part of PUT request after that.""}",400,{},FAIL,UNSURE,"LLM error: <html>
<head><title>401 Authorization Required</title></head>
<body>
<center><h1>401 Authorization Required</h1></center>
<hr><center>openresty/1.27.4</center>
<script>(function(){function c(){var b=a.contentDocument||a.contentWindow.document;if(b){var d=b.createElement('script');d.innerHTML=""window.__CF$cv$params={r:'982ab7678ab9c230',t:'MTc1ODQ2OTgwNy4wMDAwMDA='};var a=document.createElement('script');a.nonce='';a.src='/cdn-cgi/challenge-platform/scripts/jsd/main.js';document.getElementsByTagName('head')[0].appendChild(a);"";b.getElementsByTagName('head')[0].appendChild(d)}}if(document.body){var a=document.createElement('iframe');a.height=1;a.width=1;a.style.position='absolute';a.style.top=0;a.style.left=0;a.style.border='none';a.style.visibility='hidden';document.body.appendChild(a);if('loading'!==document.readyState)c();else if(window.addEventListener)document.addEventListener('DOMContentLoaded',c);else{var e=document.onreadystatechange||function(){};document.onreadystatechange=function(b){e(b);'loading'!==document.readyState&&(document.onreadystatechange=e,c())}}}})();</script></body>
</html>",1.255
Invalid type for parameter 'id',/objects/{id},PUT,https://api.restful-api.dev/objects/{id},"{""Content-Type"": ""application/json""}","{""id"": 12345}",404,"{""error"":""The Object with id = {id} doesn't exist. Please provide an object id which exists or generate a new Object using POST request and capture the id of it to use it as part of PUT request after that.""}",400,{},FAIL,UNSURE,"LLM error: <html>
<head><title>401 Authorization Required</title></head>
<body>
<center><h1>401 Authorization Required</h1></center>
<hr><center>openresty/1.27.4</center>
<script>(function(){function c(){var b=a.contentDocument||a.contentWindow.document;if(b){var d=b.createElement('script');d.innerHTML=""window.__CF$cv$params={r:'982ab77849d61487',t:'MTc1ODQ2OTgxMC4wMDAwMDA='};var a=document.createElement('script');a.nonce='';a.src='/cdn-cgi/challenge-platform/scripts/jsd/main.js';document.getElementsByTagName('head')[0].appendChild(a);"";b.getElementsByTagName('head')[0].appendChild(d)}}if(document.body){var a=document.createElement('iframe');a.height=1;a.width=1;a.style.position='absolute';a.style.top=0;a.style.left=0;a.style.border='none';a.style.visibility='hidden';document.body.appendChild(a);if('loading'!==document.readyState)c();else if(window.addEventListener)document.addEventListener('DOMContentLoaded',c);else{var e=document.onreadystatechange||function(){};document.onreadystatechange=function(b){e(b);'loading'!==document.readyState&&(document.onreadystatechange=e,c())}}}})();</script></body>
</html>",1.215
